technician_id,name,gmail,location,mobile_no,max_tasks_per_day,availability_time
1,Rajesh Sharma,rangamrammohan123@gmail.com,Chennai,+91-9876543210,5,2025-03-15
2,Priya Patel,priya.patel2000@gmail.com,Mumbai,+91-7890123456,4,2025-11-20
3,Amit Kumar,amit.kumar1992@gmail.com,Delhi,+91-9988776655,6,2025-06-01
4,Seema Singh,seema.singh1995@gmail.com,Bangalore,+91-9876543211,3,2025-09-10
5,Rohit Verma,rohit.verma1988@gmail.com,Hyderabad,+91-7890123457,5,2025-01-28
6,Neha Gupta,neha.gupta1990@gmail.com,Pune,+91-9988776656,4,2025-04-12
7,Vikas Jain,vikas.jain1997@gmail.com,Kolkata,+91-9876543212,6,2025-07-05
8,Aisha Khan,aisha.khan2002@gmail.com,Ahmedabad,+91-7890123458,3,2025-12-25
51,Priya Sharma,priya.sharma1995@gmail.com,Bangalore,+91-9876543210,5,2025-02-18
52,Rajesh Kumar,rajesh.kumar1985@gmail.com,Mumbai,+91-7890123456,4,2025-08-08
53,Deepika Singh,deepika.singh1992@gmail.com,Delhi,+91-9988776655,6,2025-05-22
54,Amit Patel,amit.patel1988@gmail.com,Surat,+91-7890123459,3,2025-10-03
55,Seema Desai,seema.desai1991@gmail.com,Jaipur,+91-9876543213,5,2025-11-15
56,Rahul Mehta,rahul.mehta2000@gmail.com,Indore,+91-9988776654,4,2025-03-08
57,Anjali Jain,anjali.jain1998@gmail.com,Chennai,+91-7890123460,6,2025-07-26
58,Vivek Sharma,rangamrammohan123@gmail.com,Hyderabad,+91-9876543214,3,2025-01-10
59,Natasha Roy,natasha.roy1996@gmail.com,Kolkata,+91-9123456789,5,2025-09-25
60,Priya Singh,priya.singh1988@gmail.com,Mumbai,+91-8877665544,4,2025-06-18
61,Rohan Gupta,rohan.gupta2002@gmail.com,Bangalore,+91-7766554433,6,2025-12-01
62,Anika Khan,anika.khan1995@gmail.com,Delhi,+91-9988776655,3,2025-04-29
63,Siddharth Patel,siddharth.patel1985@gmail.com,Ahmedabad,+91-9876543215,5,2025-08-15
64,Disha Sharma,disha.sharma1992@gmail.com,Pune,+91-8877665545,4,2025-02-05
65,Rajesh Kumar,rajesh.kumar1978@gmail.com,Chennai,+91-9988776656,6,2025-10-28
66,Simran Bajaj,simran.bajaj2001@gmail.com,Hyderabad,+91-7766554434,3,2025-05-11
68,Anika Jain,anika.jain1988@gmail.com,Bangalore,+91-9876543210,5,2025-01-22
69,Rohan Mehta,rohan.mehta1995@gmail.com,Mumbai,+91-7766554433,4,2025-07-19
70,Priya Singh,priya.singh1976@gmail.com,Delhi,+91-9988776655,6,2025-11-05
71,Vivek Patel,vivek.patel2003@gmail.com,Kolkata,+91-8877665544,3,2025-03-29
72,Aisha Khan,aisha.khan1990@gmail.com,Chennai,+91-9876512345,5,2025-09-01
73,Rahul Sharma,rahul.sharma1982@gmail.com,Bangalore,+91-7766554432,4,2025-06-28
74,Neha Gupta,neha.gupta1997@gmail.com,Mumbai,+91-9988776654,6,2025-12-18
75,Suresh Kumar,suresh.kumar1979@gmail.com,Hyderabad,+91-8877665543,3,2025-04-05
78,Rohan Singh,rohan.singh1992@gmail.com,Pune,+91-8877665544,4,2025-03-15
79,Anika Das,anika.das1998@gmail.com,Kolkata,+91-7766554433,6,2025-11-22
80,Rajesh Iyer,rajesh.iyer1975@gmail.com,Ahmedabad,+91-9988776655,3,2025-07-08
81,Simran Bajaj,simran.bajaj2001@gmail.com,Chennai,+91-9876543211,5,2025-01-29
82,Vijay Kumar,vijay.kumar1988@gmail.com,Bangalore,+91-7766554434,4,2025-10-04
83,Disha Sharma,disha.sharma1995@gmail.com,Mumbai,+91-9988776656,6,2025-05-19
84,Amit Gupta,amit.gupta1980@gmail.com,Hyderabad,+91-8877665545,3,2025-02-12
86,Priya Patel,priya.patel2005@gmail.com,Delhi,+91-9876543210,5,2025-09-27
87,Rohan Mehta,rohan.mehta1992@gmail.com,Pune,+91-8877665544,4,2025-12-06
88,Aisha Khan,aisha.khan1985@gmail.com,Kolkata,+91-7766554433,6,2025-06-11
89,Rajesh Iyer,rajesh.iyer1978@gmail.com,Chennai,+91-9988776655,3,2025-04-24
90,Neha Sharma,neha.sharma2002@gmail.com,Bangalore,+91-9876543212,5,2025-08-02
91,Karan Singh,karan.singh1990@gmail.com,Mumbai,+91-7766554432,4,2025-11-15
92,Shreya Gupta,shreya.gupta1987@gmail.com,Hyderabad,+91-9988776654,6,2025-03-01
93,Rahul Verma,rahul.verma1982@gmail.com,Delhi,+91-8877665543,3,2025-07-26
95,Priya Sharma,priya.sharma1995@gmail.com,Chennai,+91-9876543210,5,2025-01-18
96,Rohan Kumar,rohan.kumar1988@gmail.com,Kolkata,+91-7890123456,4,2025-10-29
97,Disha Mehta,disha.mehta2001@gmail.com,Ahmedabad,+91-8765432109,6,2025-05-03
98,Rajesh Jain,rajesh.jain1992@gmail.com,Bangalore,+91-9012345678,3,2025-09-14
99,Anika Roy,anika.roy1985@gmail.com,Mumbai,+91-7654321098,5,2025-02-07
100,Siddharth Singh,siddharth.singh1998@gmail.com,Hyderabad,+91-8901234567,4,2025-12-24
101,Simran Kaur,simran.kaur1989@gmail.com,Delhi,+91-9876543211,6,2025-06-20
102,Nikhil Gupta,nikhil.gupta2003@gmail.com,Pune,+91-7766554433,3,2025-04-09
104,Rohan Patel,rohan.patel1992@gmail.com,Bangalore,+91-9087654321,5,2025-08-17
105,Priya Sharma,priya.sharma1988@gmail.com,Chennai,+91-8877665544,4,2025-11-08
106,Rahul Mehta,rahul.mehta2001@gmail.com,Kolkata,+91-9988776655,6,2025-03-28
107,Aisha Khan,aisha.khan1995@gmail.com,Ahmedabad,+91-7890123456,3,2025-07-13
108,Vijay Kumar,rangamrammohan123@gmail.com,Noida,+91-8765432109,5,2025-01-05
109,Disha Jain,disha.jain2000@gmail.com,Gurgaon,+91-9876543210,4,2025-10-18
110,Karan Singh,karan.singh1991@gmail.com,Jaipur,+91-7766554433,6,2025-05-26
111,Shreya Gupta,shreya.gupta1999@gmail.com,Lucknow,+91-8901234567,3,2025-09-07
113,Priya Sharma,priya.sharma1995@gmail.com,Bangalore,+91-9087654321,5,2025-02-21
114,Rohan Mehta,rangamrammohan123@gmail.com,Mumbai,+91-7890123456,4,2025-01-05
115,Aisha Khan,aisha.khan2002@gmail.com,Chennai,+91-8765432190,3,2025-10-18
116,Rahul Patel,rahul.patel1992@gmail.com,Hyderabad,+91-9876543219,6,2025-05-26
117,Simran Kaur,simran.kaur1998@gmail.com,Pune,+91-7766554439,5,2025-09-07
118,Siddharth Verma,siddharth.verma1985@gmail.com,Delhi,+91-8901234567,4,2025-02-21
119,Ananya Singh,ananya.singh2001@gmail.com,Kolkata,+91-9087654328,3,2025-07-12
120,Aditya Gupta,aditya.gupta1997@gmail.com,Ahmedabad,+91-7890123459,6,2025-11-29
121,Isha Sharma,isha.sharma1994@gmail.com,Bangalore,+91-9876543210,5,2025-04-03
122,Rohan Mehta,rohan.mehta2000@gmail.com,Mumbai,+91-8765432109,4,2025-08-15
123,Priya Patel,priya.patel1988@gmail.com,Chennai,+91-7654321098,6,2025-12-20
124,Rajesh Kumar,rajesh.kumar1992@gmail.com,Hyderabad,+91-6543210987,3,2025-06-08
125,Aisha Khan,aisha.khan1995@gmail.com,Pune,+91-5432109876,5,2025-03-19
126,Vihaan Sharma,vihaan.sharma1999@gmail.com,Delhi,+91-4321098765,4,2025-01-28
127,Natasha Reddy,natasha.reddy1986@gmail.com,Kolkata,+91-3210987654,6,2025-10-04
128,Aarav Gupta,aarav.gupta2002@gmail.com,Ahmedabad,+91-2109876543,3,2025-05-11
130,Riya Patel,riya.patel1988@gmail.com,Bangalore,+91-1098765432,5,2025-09-22
131,Rohan Kumar,rohan.kumar2001@gmail.com,Mumbai,+91-0987654321,4,2025-02-01
132,Isha Jain,isha.jain1992@gmail.com,Chennai,+91-9876543210,6,2025-07-27
133,Aditya Sharma,aditya.sharma1997@gmail.com,Hyderabad,+91-8765432109,3,2025-11-14
134,Ananya Singh,ananya.singh1985@gmail.com,Pune,+91-7654321098,5,2025-04-16
135,Vivaan Mehta,vivaan.mehta2003@gmail.com,Delhi,+91-6543210987,4,2025-08-29
136,Saanvi Gupta,saanvi.gupta1994@gmail.com,Kolkata,+91-5432109876,6,2025-12-06
137,Dhruv Reddy,dhruv.reddy1989@gmail.com,Ahmedabad,+91-4321098765,3,2025-06-24
139,Aarav Sharma,aarav.sharma1997@gmail.com,Bangalore,+91-3210987654,5,2025-03-08
140,Ira Sharma,ira.sharma2005@gmail.com,Mumbai,+91-2109876543,4,2025-01-17
141,Vihaan Patel,vihaan.patel1988@gmail.com,Chennai,+91-1098765432,6,2025-10-25
142,Sia Kapoor,sia.kapoor1992@gmail.com,Hyderabad,+91-0987654321,3,2025-05-03
143,Reyansh Bajaj,reyansh.bajaj2002@gmail.com,Pune,+91-9876543210,5,2025-09-16
144,Ishaan Gupta,ishaan.gupta1999@gmail.com,Delhi,+91-8765432109,4,2025-02-14
145,Kiara Singh,kiara.singh1995@gmail.com,Kolkata,+91-7654321098,6,2025-07-05
146,Kabir Khan,kabir.khan1986@gmail.com,Ahmedabad,+91-6543210987,3,2025-11-01
148,Vivaan Sharma,vivan.sharma1992@gmail.com,Bangalore,+91-5432109876,5,2025-04-22
150,Aditya Kumar,aditya.kumar1989@gmail.com,Chennai,+91-3210987654,6,2025-02-14
151,Pari Jain,pari.jain1997@gmail.com,Hyderabad,+91-2109876543,3,2025-07-05
152,Samaira Reddy,samaira.reddy2000@gmail.com,Pune,+91-1098765432,5,2025-11-01
153,Vihaan Singh,vihaan.singh1994@gmail.com,Delhi,+91-9876543210,4,2025-04-22
154,Ira Sharma,ira.sharma1988@gmail.com,Kolkata,+91-8765432109,6,2025-09-18
155,Rohan Mehta,rohan.mehta2003@gmail.com,Ahmedabad,+91-7654321098,3,2025-01-29
157,Aarav Kumar,aarav.kumar1998@gmail.com,Bangalore,+91-6543210987,5,2025-06-11
158,Siya Patel,siya.patel2001@gmail.com,Mumbai,+91-5432109876,4,2025-03-08
159,Vivaan Jain,vivian.jain1992@gmail.com,Chennai,+91-4321098765,6,2025-12-24
160,Ananya Das,ananya.das1999@gmail.com,Hyderabad,+91-3210987654,3,2025-05-15
161,Kabir Khan,kabir.khan2004@gmail.com,Pune,+91-2109876543,5,2025-10-27
162,Isha Singh,isha.singh1995@gmail.com,Delhi,+91-1098765432,4,2025-08-02
163,Reyansh Sharma,reyansh.sharma1990@gmail.com,Kolkata,+91-9876543210,6,2025-04-05
164,Kiara Mehta,kiara.mehta2002@gmail.com,Ahmedabad,+91-8765432109,3,2025-11-19
166,Aarav Patel,aarav.patel1992@gmail.com,Bangalore,+91-7654321098,5,2025-07-23
167,Sia Sharma,sia.sharma2000@gmail.com,Mumbai,+91-6543210987,4,2025-02-28
168,Vivaan Jain,vivian.jain1998@gmail.com,Chennai,+91-5432109876,6,2025-09-06
169,Ananya Singh,ananya.singh1996@gmail.com,Hyderabad,+91-4321098765,3,2025-01-16
170,Aditya Kumar,aditya.kumar2003@gmail.com,Pune,+91-3210987654,5,2025-06-25
171,Anika Mehta,anika.mehta1999@gmail.com,Delhi,+91-2109876543,4,2025-03-12
172,Vihaan Sharma,vihaan.sharma1994@gmail.com,Kolkata,+91-1098765432,6,2025-12-09
173,Ira Gupta,ira.gupta2001@gmail.com,Ahmedabad,+91-9876543210,3,2025-05-29
175,Rhea Singh,rhea.singh1997@gmail.com,Bangalore,+91-8765432109,5,2025-10-14
176,Kabir Khan,kabir.khan2000@gmail.com,Mumbai,+91-7654321098,4,2025-08-17
177,Siya Sharma,siya.sharma1995@gmail.com,Chennai,+91-6543210987,6,2025-04-01
178,Dhruv Gupta,dhruv.gupta1998@gmail.com,Hyderabad,+91-5432109876,3,2025-11-08
179,Ananya Patel,ananya.patel2002@gmail.com,Pune,+91-4321098765,5,2025-07-10
180,Vivaan Jain,vivian.jain1992@gmail.com,Delhi,+91-3210987654,4,2025-02-05
181,Isha Singh,isha.singh1996@gmail.com,Kolkata,+91-2109876543,6,2025-09-23
182,Rohan Kumar,rohan.kumar1999@gmail.com,Ahmedabad,+91-1098765432,3,2025-06-03
184,Priya Sharma,priya.sharma1998@gmail.com,Mumbai,+91-1234567890,5,2025-03-21
185,Kabir Khan,kabir.khan2000@gmail.com,Chennai,+91-9876543210,4,2025-12-16
187,Rajesh Gupta,rajesh.gupta1997@gmail.com,Bangalore,+91-7654321098,3,2025-09-23
188,Sonali Desai,sonali.desai2003@gmail.com,Pune,+91-6543210987,5,2025-06-03
189,Aditya Verma,aditya.verma1994@gmail.com,Delhi,+91-5432109876,4,2025-03-21
